dataset,n_samples,n_features,final_accuracy,oracle_calls,ask_rate
iris,150,4,0.9384615384615385,0,0.0
breast_cancer,569,30,0.8761384335154827,0,0.0
wine,178,13,0.5632911392405063,0,0.0
