lr,decay,buffer_enabled,buffer_gain,buffer_min_mult,field_enabled,field_alpha,field_start_cycle,field_coupling,field_alpha_exp_decay,mae,rmse,r2,seconds
0.25,0.99,0,0.0,0.75,1,0.1,50,linear,0.98,6280.601033624831,7998.812172238088,0.9492596152924642,3.451856362982653
0.25,0.99,0,0.0,0.75,0,0.0,0,linear,1.0,6280.378192372139,7998.231689279475,0.9492669796008764,3.4605585859972052
0.25,0.99,0,0.0,0.75,1,0.1,50,linear,1.0,6280.734019155882,7998.260078166434,0.9492666194571362,2.321660157002043
0.25,0.99,1,0.2,0.8,0,0.0,0,linear,1.0,6272.504776630774,7953.539693748297,0.9498323608766676,2.515609991038218
0.25,0.99,1,0.2,0.8,1,0.1,50,linear,1.0,6271.895135284669,7953.483523600851,0.9498330694702861,2.4078872019890696
0.25,0.99,1,0.2,0.8,1,0.1,50,linear,0.98,6272.352911259438,7953.41607538802,0.9498339203315346,2.638662514043972
