lr,decay,buffer_enabled,buffer_gain,buffer_min_mult,field_enabled,field_alpha,field_start_cycle,field_coupling,field_alpha_exp_decay,multibuffer_enabled,multibuffer_q_low,multibuffer_q_high,multibuffer_low_visc,multibuffer_high_visc,multibuffer_high_alpha_mult,multibuffer_transition_frac,mae,rmse,r2,seconds
0.25,0.995,1,0.6,0.7,1,0.25,40,linear,1.01,1,0.2,0.8,1.3,0.8,1.0,0.0,5076.614086389425,6498.498243257367,0.9688724804595228,5.541845374973491
0.25,0.995,1,0.6,0.7,1,0.25,40,linear,1.01,1,0.2,0.8,1.3,0.8,1.0,0.01,5049.254451655262,6458.540338238796,0.9692540968020263,5.548285985016264
0.25,0.995,1,0.6,0.7,1,0.25,40,linear,1.01,1,0.2,0.8,1.3,0.8,1.0,0.02,5014.716033152238,6420.045858270896,0.9696195107737626,2.5084531040047295
0.25,0.995,1,0.6,0.7,1,0.25,40,linear,1.01,1,0.2,0.8,1.3,0.8,1.0,0.04,4990.619915458547,6377.839256472014,0.9700176519516052,2.861591024964582
0.25,0.995,1,0.6,0.7,1,0.25,40,linear,1.01,1,0.2,0.8,1.3,0.8,1.0,0.06,4981.643713275452,6361.897673049466,0.970167348028523,2.83696378802415
0.25,0.995,1,0.6,0.7,1,0.25,40,linear,1.01,1,0.2,0.8,1.3,0.8,1.0,0.08,4984.013175841225,6364.904653760559,0.9701391402786722,2.647457951970864
0.25,0.995,1,0.6,0.7,1,0.25,40,linear,1.01,1,0.2,0.8,1.3,0.8,1.0,0.1,4994.938972834672,6379.906309806559,0.969998214285316,2.3779499969678
0.25,0.995,1,0.6,0.7,1,0.25,40,linear,1.01,1,0.2,0.8,1.3,0.8,1.0,0.15,5131.085576061973,6532.891221944605,0.9685421268792919,2.669108194008004
